TP,TN,FP,FN,Precision,Recall,F1_score,Accuracy,ROC_AUC,R2,MSE
2693,2667,1076,562,0.7145131334571504,0.8273425499231951,0.7667995444191343,0.7659331237496427,0.769936303013962,0.05915730869666358,0.23406687625035724
