TP,TN,FP,FN,Precision,Recall,F1_score,Accuracy,ROC_AUC,R2,MSE
1494,2653,1090,1761,0.5781733746130031,0.4589861751152074,0.5117314608665868,0.5925978851100314,0.5838879579823966,-0.63757174170074,0.4074021148899686
