TP,TN,FP,FN,Precision,Recall,F1_score,MSE
1494,2653,1090,1761,0.5781733746130031,0.4589861751152074,0.5117314608665868,0.4074021148899686
