TP,TN,FP,FN,Precision,Recall,F1_score,MSE
2414,2784,959,841,0.7156833679217314,0.7416282642089094,0.7284248642124321,0.2572163475278651
